{"Esp-Chests":false,"ChestTween":false,"PoleV1":false,"A-Stats":false,"B-Selected":"nil","Esp-Fruits":false,"Stats-Defense":true,"Esp-Berry":false,"M-Health":25,"Stats-Sword":false,"SecondSea":false,"BerryBush":true,"FarmTool":"Melee","Nearest":false,"Stats-Gun":false,"Esp-Players":false,"Mastery":true,"Level":false,"S-BringDistance":250,"M-WalkOnWater":true,"S-AutoShoot":false,"AllBosses":false,"M-DamageCounter":false,"Esp-Island":false,"M-WalkSpeed:B":150,"M-Tool":"Blox Fruit","F-AutoStore":true,"S-RaceV3":false,"S-TweenSpeed":200,"S-Distance":15,"M-Notifications":false,"S-RaceV4":false,"SmoothFarm":false,"UIScale":"Large","S-Material":"nil","Material":false,"S-AutoBuso":true,"M-AntiAFK":true,"F-RandomFruit":false,"TheSaw":false,"S-FarmMode":"Up","S-BringMobs":true,"M-WalkSpeed:A":false,"Stats-Melee":true,"S-AutoClick":true,"P-Stats":3,"M-Skills":{"X":true,"C":true,"Z":true,"F":false,"V":true},"Stats-Demon Fruit":false,"S-QuestDenounce":false,"BossSelected":true,"Fruits":true,"B-Quest":false,"S-EspSize":10,"Saber":false}