{"Esp-Chests":false,"ServerHopping":false,"ChestTween":false,"PoleV1":false,"A-Stats":true,"B-Selected":"nil","HopFruits":true,"BerryBush":true,"Esp-Fruits":false,"Stats-Defense":true,"FarmTool":"Melee","Esp-Berry":false,"M-Health":25,"Stats-Sword":false,"SecondSea":false,"Nearest":false,"Mastery":true,"Stats-Gun":false,"S-AutoClick":true,"Esp-Players":false,"HopRareItem":false,"S-AutoShoot":true,"S-BringDistance":250,"M-WalkOnWater":true,"M-WalkSpeed:B":150,"BossSelected":false,"M-DamageCounter":false,"M-Notifications":false,"S-RaceV4":false,"UIScale":"Large","F-AutoStore":true,"S-RaceV3":false,"S-TweenSpeed":200,"S-Distance":15,"Stats-Demon Fruit":false,"Material":false,"Esp-Island":false,"M-Tool":"Blox Fruit","S-Material":"nil","Level":false,"M-AntiAFK":true,"S-FarmMode":"Up","F-RandomFruit":false,"TheSaw":false,"S-BringMobs":false,"S-AutoBuso":true,"M-WalkSpeed:A":false,"Stats-Melee":true,"SmoothFarm":false,"P-Stats":3,"M-Skills":{"X":true,"C":true,"Z":true,"F":false,"V":true},"AllBosses":false,"S-QuestDenounce":false,"HopBerryBush":true,"Fruits":true,"B-Quest":false,"S-EspSize":10,"Saber":false}